序号,所用时间/秒,总分,我的学科：,性别：,1	在我完成写作作业后，老师会提供反馈意见。,2	老师会及时提供写作反馈。,3	老师会根据不同的写作任务调整反馈的重点。,4	老师把反馈作为我们完成写作任务过程中的必备环节。,5	老师将有限的写作反馈机会聚焦于我最需要指导/改进的方面。,6	在我完成写作任务过程中，老师会让我们寻求其他反馈来源，例如同伴反馈、批改网反馈、自我反馈等。,7	老师在提供写作反馈的时候不会注意我的感受。,8	老师鼓励我们向她/他或同学寻求写作反馈意见。,9	老师在给我们写作反馈的时候，会通过理解和信任来帮助我们。,10	老师会借助网络与我交流写作的反馈意见。,11	老师帮助我认识写作反馈是双向互动过程。,12	老师会强调学生不仅是反馈的接收者，也是反馈的提供者。,13	老师在教学活动中会指导我积极参与写作反馈（包括:如何寻求反馈、理解反馈或者根据反馈修改作文等）。,14	老师会组织我们讨论写作作业的范例。,15	老师会组织我们讨论写作任务的评分规则。,16	老师在课内会通过分析学生作业范例提供反馈。,17 我会根据收到的反馈改进我的写作。,18 我会通过自我反思来加强和规范我的写作。,19 如果有评分标准，我在写作前会通读评分标准。,20 在做写作作业之前，我会先学习范例或老师推荐的文章。,21 我会根据老师的指导来计划和管理我的写作。,22 我会通过使用网上参考资料来解决写作中遇到的一些问题。,23 我会观察其他学生是如何完成写作任务的，这样我就可以改进我的写作策略。,24 如果我一开始不能理解收到的写作反馈，我会不断思索，直到我理解为止。,25 我会判断自己的写作质量是否符合要求，是否需要进一步修改。,26 我会把老师在课堂上的指导和我的写作作业联系起来，思考我哪里写的不好。,27 当我阅读写作反馈时，我可以分清哪些是重要信息，哪些是次重要信息。,28 根据收到的写作反馈，我会发现自己在写作方面存在哪些不足之处，并思考下一步该怎么做。,29 我会分析来自不同来源的写作反馈，并认识到它们对我提高写作水平的价值。,30 我会积极寻求同伴的写作反馈。,31 我会积极寻求老师的写作反馈。,32 我会和同学讨论并给出写作反馈。,33 我愿意和别人分享我关于写作作业的想法。,34 我重视别人的写作反馈。,35 我期待收到对我的写作作业的反馈。,36 我喜欢收到关于我的写作作业的有挑战性和建设性的反馈。,37 当我收到关于我的写作作业的负面反馈时，我会感到沮丧。,38 当收到老师的写作反馈时，我感觉很好。
75,30,185,1,1,5,5,5,5,5,5,5,5,5,5,5,5,5,5,5,5,5,5,5,5,5,5,5,5,5,5,5,5,5,5,5,5,5,5,5,5,5,5
117,32,185,1,1,5,5,5,5,5,5,5,5,5,5,5,5,5,5,5,5,5,5,5,5,5,5,5,5,5,5,5,5,5,5,5,5,5,5,5,5,5,5
147,33,185,1,1,5,5,5,5,5,5,5,5,5,5,5,5,5,5,5,5,5,5,5,5,5,5,5,5,5,5,5,5,5,5,5,5,5,5,5,5,5,5
217,33,185,1,1,5,5,5,5,5,5,5,5,5,5,5,5,5,5,5,5,5,5,5,5,5,5,5,5,5,5,5,5,5,5,5,5,5,5,5,5,5,5
327,33,185,1,1,5,5,5,5,5,5,5,5,5,5,5,5,5,5,5,5,5,5,5,5,5,5,5,5,5,5,5,5,5,5,5,5,5,5,5,5,5,5
2,34,185,1,1,5,5,5,5,5,5,5,5,5,5,5,5,5,5,5,5,5,5,5,5,5,5,5,5,5,5,5,5,5,5,5,5,5,5,5,5,5,5
153,36,185,1,1,5,5,5,5,5,5,5,5,5,5,5,5,5,5,5,5,5,5,5,5,5,5,5,5,5,5,5,5,5,5,5,5,5,5,5,5,5,5
116,37,185,1,1,5,5,5,5,5,5,5,5,5,5,5,5,5,5,5,5,5,5,5,5,5,5,5,5,5,5,5,5,5,5,5,5,5,5,5,5,5,5
254,37,185,1,1,5,5,5,5,5,5,5,5,5,5,5,5,5,5,5,5,5,5,5,5,5,5,5,5,5,5,5,5,5,5,5,5,5,5,5,5,5,5
364,37,185,1,1,5,5,5,5,5,5,5,5,5,5,5,5,5,5,5,5,5,5,5,5,5,5,5,5,5,5,5,5,5,5,5,5,5,5,5,5,5,5
1,38,185,1,1,5,5,5,5,5,5,5,5,5,5,5,5,5,5,5,5,5,5,5,5,5,5,5,5,5,5,5,5,5,5,5,5,5,5,5,5,5,5
290,39,185,2,1,5,5,5,5,5,5,5,5,5,5,5,5,5,5,5,5,5,5,5,5,5,5,5,5,5,5,5,5,5,5,5,5,5,5,5,5,5,5
400,39,185,2,1,5,5,5,5,5,5,5,5,5,5,5,5,5,5,5,5,5,5,5,5,5,5,5,5,5,5,5,5,5,5,5,5,5,5,5,5,5,5
3,40,175,1,1,5,5,5,5,5,5,5,5,5,5,5,4,4,4,5,5,5,5,4,5,4,4,4,3,4,4,4,5,5,5,5,5,5,5,5,5,5,5
73,40,185,1,1,5,5,5,5,5,5,5,5,5,5,5,5,5,5,5,5,5,5,5,5,5,5,5,4,5,5,5,5,5,5,5,5,5,5,5,5,5,5
223,40,185,1,1,5,5,5,5,5,5,5,5,5,5,5,5,5,5,5,5,5,5,5,5,5,5,5,5,5,5,5,5,5,5,5,5,5,5,5,5,5,5
271,40,112,2,1,4,3,3,3,3,3,3,3,3,3,3,3,3,3,3,3,3,3,3,3,3,3,3,3,3,3,3,3,3,3,3,3,3,3,3,3,3,3
297,40,111,1,2,3,3,3,3,3,3,3,3,3,3,3,3,3,3,3,3,3,3,3,3,3,3,3,3,3,3,3,3,3,3,3,3,3,3,3,3,3,3
303,40,185,1,1,5,5,5,5,5,5,5,5,5,5,5,5,5,5,5,5,5,5,5,5,5,5,5,5,5,5,5,5,5,5,5,5,5,5,5,5,5,5
333,40,185,1,1,5,5,5,5,5,5,5,5,5,5,5,5,5,5,5,5,5,5,5,5,5,5,5,5,5,5,5,5,5,5,5,5,5,5,5,5,5,5
381,40,112,2,1,4,3,3,3,3,3,3,3,3,3,3,3,3,3,3,3,3,3,3,3,3,3,3,3,3,3,3,3,3,3,3,3,3,3,3,3,3,3
407,40,111,1,2,3,3,3,3,3,3,3,3,3,3,3,3,3,3,3,3,3,3,3,3,3,3,3,3,3,3,3,3,3,3,3,3,3,3,3,3,3,3
413,40,185,1,1,5,5,5,5,5,5,5,5,5,5,5,5,5,5,5,5,5,5,5,5,5,5,5,5,5,5,5,5,5,5,5,5,5,5,5,5,5,5
36,41,185,1,1,5,5,5,5,5,5,5,5,5,5,5,5,5,5,5,5,5,5,5,5,5,5,5,5,5,5,5,5,5,5,5,5,5,5,5,5,5,5
317,41,148,1,1,4,4,4,4,4,4,4,4,4,4,4,4,4,4,4,4,4,4,4,4,4,4,4,4,4,4,4,4,4,4,4,4,4,4,4,4,4,4
427,41,148,1,1,4,4,4,4,4,4,4,4,4,4,4,4,4,4,4,4,4,4,4,4,4,4,4,4,4,4,4,4,4,4,4,4,4,4,4,4,4,4
34,42,185,1,1,5,5,5,5,5,5,5,5,5,5,5,5,5,5,5,5,5,5,5,5,5,5,5,3,5,5,5,5,5,5,5,5,5,5,5,5,5,5
247,42,185,2,1,5,5,5,5,5,5,5,5,5,5,5,5,5,5,5,5,5,5,5,5,5,5,5,5,5,5,5,5,5,5,5,5,5,5,5,5,5,5
251,42,185,1,1,5,5,5,5,5,5,5,5,5,5,5,5,5,5,5,5,5,5,5,5,5,5,5,5,5,5,5,5,5,5,5,5,5,5,5,5,5,5
253,42,185,1,1,5,5,5,5,5,5,5,5,5,5,5,5,5,5,5,5,5,5,5,5,5,5,5,5,5,5,5,5,5,5,5,5,5,5,5,5,5,5
357,42,185,2,1,5,5,5,5,5,5,5,5,5,5,5,5,5,5,5,5,5,5,5,5,5,5,5,5,5,5,5,5,5,5,5,5,5,5,5,5,5,5
361,42,185,1,1,5,5,5,5,5,5,5,5,5,5,5,5,5,5,5,5,5,5,5,5,5,5,5,5,5,5,5,5,5,5,5,5,5,5,5,5,5,5
363,42,185,1,1,5,5,5,5,5,5,5,5,5,5,5,5,5,5,5,5,5,5,5,5,5,5,5,5,5,5,5,5,5,5,5,5,5,5,5,5,5,5
88,43,185,1,2,5,5,5,5,5,5,5,5,5,5,5,5,5,5,5,5,5,5,5,5,5,5,5,5,5,5,5,5,5,5,5,5,5,5,5,5,5,5
155,43,181,1,1,5,5,5,5,5,5,5,5,5,5,5,5,5,5,5,5,5,5,5,5,5,5,5,5,5,5,5,5,5,5,5,5,5,5,5,5,1,5
189,43,185,1,1,5,5,5,5,5,5,5,5,5,5,5,5,5,5,5,5,5,5,5,5,5,5,5,5,5,5,5,5,5,5,5,5,5,5,5,5,5,5
263,43,185,1,2,5,5,5,5,5,5,5,5,5,5,5,5,5,5,5,5,5,5,5,5,5,5,5,5,5,5,5,5,5,5,5,5,5,5,5,5,5,5
298,43,185,1,1,5,5,5,5,5,5,5,5,5,5,5,5,5,5,5,5,5,5,5,5,5,5,5,5,5,5,5,5,5,5,5,5,5,5,5,5,5,5
373,43,185,1,2,5,5,5,5,5,5,5,5,5,5,5,5,5,5,5,5,5,5,5,5,5,5,5,5,5,5,5,5,5,5,5,5,5,5,5,5,5,5
408,43,185,1,1,5,5,5,5,5,5,5,5,5,5,5,5,5,5,5,5,5,5,5,5,5,5,5,5,5,5,5,5,5,5,5,5,5,5,5,5,5,5
227,44,183,1,1,5,5,5,5,5,5,5,5,5,5,5,5,5,5,5,5,3,5,5,5,5,5,5,5,5,5,5,5,5,5,5,5,5,5,5,5,5,5
337,44,183,1,1,5,5,5,5,5,5,5,5,5,5,5,5,5,5,5,5,3,5,5,5,5,5,5,5,5,5,5,5,5,5,5,5,5,5,5,5,5,5
74,45,185,1,1,5,5,5,5,5,5,5,5,5,5,5,5,5,5,5,5,5,5,5,5,5,5,5,5,5,5,5,5,5,5,5,5,5,5,5,5,5,5
40,46,185,1,2,5,5,5,5,5,5,5,5,5,5,5,5,5,5,5,5,5,5,5,5,5,5,5,5,5,5,5,5,5,5,5,5,5,5,5,5,5,5
219,46,185,1,1,5,5,5,5,5,5,5,5,5,5,5,5,5,5,5,5,5,5,5,5,5,5,5,5,5,5,5,5,5,5,5,5,5,5,5,5,5,5
243,46,185,1,2,5,5,5,5,5,5,5,5,5,5,5,5,5,5,5,5,5,5,5,5,5,5,5,5,5,5,5,5,5,5,5,5,5,5,5,5,5,5
304,46,177,1,2,5,5,5,5,5,5,1,5,5,5,5,5,5,5,5,5,5,5,5,5,5,5,5,5,5,5,5,5,5,5,5,5,5,5,5,5,1,5
324,46,185,1,2,5,5,5,5,5,5,5,5,5,5,5,5,5,5,5,5,5,5,5,5,5,5,5,5,5,5,5,5,5,5,5,5,5,5,5,5,5,5
329,46,185,1,1,5,5,5,5,5,5,5,5,5,5,5,5,5,5,5,5,5,5,5,5,5,5,5,5,5,5,5,5,5,5,5,5,5,5,5,5,5,5
353,46,185,1,2,5,5,5,5,5,5,5,5,5,5,5,5,5,5,5,5,5,5,5,5,5,5,5,5,5,5,5,5,5,5,5,5,5,5,5,5,5,5
414,46,177,1,2,5,5,5,5,5,5,1,5,5,5,5,5,5,5,5,5,5,5,5,5,5,5,5,5,5,5,5,5,5,5,5,5,5,5,5,5,1,5
434,46,185,1,2,5,5,5,5,5,5,5,5,5,5,5,5,5,5,5,5,5,5,5,5,5,5,5,5,5,5,5,5,5,5,5,5,5,5,5,5,5,5
22,47,181,1,1,5,5,5,5,5,5,1,5,5,5,5,5,5,5,5,5,5,5,5,5,5,5,5,5,5,5,5,5,5,5,5,5,5,5,5,5,5,5
35,48,185,1,1,5,5,5,5,5,5,5,5,5,5,5,5,5,5,5,5,5,5,5,5,5,5,5,5,5,5,5,5,5,5,5,5,5,5,5,5,5,5
191,48,171,1,1,5,5,5,5,5,5,5,5,5,5,5,5,5,5,5,5,5,4,4,4,4,4,4,4,5,5,4,5,5,3,4,3,3,5,5,5,5,5
264,48,185,2,1,5,5,5,5,5,5,5,5,5,5,5,5,5,5,5,5,5,5,5,5,5,5,5,5,5,5,5,5,5,5,5,5,5,5,5,5,5,5
265,48,185,1,1,5,5,5,5,5,5,5,5,5,5,5,5,5,5,5,5,5,5,5,5,5,5,5,5,5,5,5,5,5,5,5,5,5,5,5,5,5,5
374,48,185,2,1,5,5,5,5,5,5,5,5,5,5,5,5,5,5,5,5,5,5,5,5,5,5,5,5,5,5,5,5,5,5,5,5,5,5,5,5,5,5
375,48,185,1,1,5,5,5,5,5,5,5,5,5,5,5,5,5,5,5,5,5,5,5,5,5,5,5,5,5,5,5,5,5,5,5,5,5,5,5,5,5,5
216,49,182,1,2,5,5,5,5,5,5,5,5,5,5,5,5,5,5,5,5,5,5,5,5,5,5,5,3,4,5,5,5,5,5,5,5,5,5,5,5,3,5
220,49,181,2,2,5,5,5,5,5,5,5,5,5,5,5,5,5,5,5,5,5,5,5,5,5,5,5,5,5,5,5,5,5,5,5,5,5,5,5,5,1,5
307,49,185,1,1,5,5,5,5,5,5,5,5,5,5,5,5,5,5,5,5,5,5,5,5,5,5,5,5,5,5,5,5,5,5,5,5,5,5,5,5,5,5
309,49,182,1,2,5,5,5,5,5,5,5,5,5,5,5,5,5,5,5,5,5,5,5,5,5,5,5,5,5,5,5,5,5,5,5,5,5,5,5,5,2,5
330,49,181,2,2,5,5,5,5,5,5,5,5,5,5,5,5,5,5,5,5,5,5,5,5,5,5,5,5,5,5,5,5,5,5,5,5,5,5,5,5,1,5
417,49,185,1,1,5,5,5,5,5,5,5,5,5,5,5,5,5,5,5,5,5,5,5,5,5,5,5,5,5,5,5,5,5,5,5,5,5,5,5,5,5,5
419,49,182,1,2,5,5,5,5,5,5,5,5,5,5,5,5,5,5,5,5,5,5,5,5,5,5,5,5,5,5,5,5,5,5,5,5,5,5,5,5,2,5
218,50,148,1,1,4,4,4,4,4,4,4,4,4,4,4,4,4,4,4,4,4,4,4,4,4,4,4,3,4,4,4,4,4,4,4,4,4,4,4,4,4,4
234,50,148,1,1,4,4,4,4,4,4,4,4,4,4,4,4,4,4,4,4,4,4,4,4,4,4,4,4,4,4,4,4,4,4,4,4,4,4,4,4,4,4
272,50,185,2,1,5,5,5,5,5,5,5,5,5,5,5,5,5,5,5,5,5,5,5,5,5,5,5,5,5,5,5,5,5,5,5,5,5,5,5,5,5,5
285,50,113,2,1,3,3,3,3,3,3,3,3,3,3,3,5,3,3,3,3,3,3,3,3,3,3,3,3,3,3,3,3,3,3,3,3,3,3,3,3,3,3
323,50,185,1,2,5,5,5,5,5,5,5,5,5,5,5,5,5,5,5,5,5,5,5,5,5,5,5,5,5,5,5,5,5,5,5,5,5,5,5,5,5,5
328,50,148,1,1,4,4,4,4,4,4,4,4,4,4,4,4,4,4,4,4,4,4,4,4,4,4,4,3,4,4,4,4,4,4,4,4,4,4,4,4,4,4
344,50,148,1,1,4,4,4,4,4,4,4,4,4,4,4,4,4,4,4,4,4,4,4,4,4,4,4,4,4,4,4,4,4,4,4,4,4,4,4,4,4,4
382,50,185,2,1,5,5,5,5,5,5,5,5,5,5,5,5,5,5,5,5,5,5,5,5,5,5,5,5,5,5,5,5,5,5,5,5,5,5,5,5,5,5
395,50,113,2,1,3,3,3,3,3,3,3,3,3,3,3,5,3,3,3,3,3,3,3,3,3,3,3,3,3,3,3,3,3,3,3,3,3,3,3,3,3,3
433,50,185,1,2,5,5,5,5,5,5,5,5,5,5,5,5,5,5,5,5,5,5,5,5,5,5,5,5,5,5,5,5,5,5,5,5,5,5,5,5,5,5
82,51,185,1,1,5,5,5,5,5,5,5,5,5,5,5,5,5,5,5,5,5,5,5,5,5,5,5,5,5,5,5,5,5,5,5,5,5,5,5,5,5,5
221,51,185,1,1,5,5,5,5,5,5,5,5,5,5,5,5,5,5,5,5,5,5,5,5,5,5,5,5,5,5,5,5,5,5,5,5,5,5,5,5,5,5
331,51,185,1,1,5,5,5,5,5,5,5,5,5,5,5,5,5,5,5,5,5,5,5,5,5,5,5,5,5,5,5,5,5,5,5,5,5,5,5,5,5,5
76,53,184,1,1,5,5,5,5,5,5,5,5,5,5,5,5,5,5,5,4,5,5,5,5,5,5,5,5,5,5,5,5,5,5,5,5,5,5,5,5,5,5
78,53,184,1,2,5,5,5,5,5,5,5,5,5,5,5,5,5,5,5,5,5,5,5,5,5,5,5,4,4,5,5,5,5,5,5,5,5,5,5,5,5,5
202,53,181,1,1,5,5,5,5,5,5,5,5,5,5,5,5,5,5,5,5,5,5,5,5,5,5,5,5,5,5,5,5,5,5,5,5,5,5,5,5,1,5
228,53,185,1,1,5,5,5,5,5,5,5,5,5,5,5,5,5,5,5,5,5,5,5,5,5,5,5,5,5,5,5,5,5,5,5,5,5,5,5,5,5,5
255,53,185,1,1,5,5,5,5,5,5,5,5,5,5,5,5,5,5,5,5,5,5,5,5,5,5,5,5,5,5,5,5,5,5,5,5,5,5,5,5,5,5
338,53,185,1,1,5,5,5,5,5,5,5,5,5,5,5,5,5,5,5,5,5,5,5,5,5,5,5,5,5,5,5,5,5,5,5,5,5,5,5,5,5,5
365,53,185,1,1,5,5,5,5,5,5,5,5,5,5,5,5,5,5,5,5,5,5,5,5,5,5,5,5,5,5,5,5,5,5,5,5,5,5,5,5,5,5
8,54,185,1,1,5,5,5,5,5,5,5,5,5,5,5,5,5,5,5,5,5,5,5,5,5,5,5,5,5,5,5,5,5,5,5,5,5,5,5,5,5,5
313,55,182,1,1,5,5,5,5,5,5,5,5,5,5,5,5,5,5,5,5,4,4,5,5,4,5,5,5,5,5,5,5,5,5,5,5,5,5,5,5,5,5
423,55,182,1,1,5,5,5,5,5,5,5,5,5,5,5,5,5,5,5,5,4,4,5,5,4,5,5,5,5,5,5,5,5,5,5,5,5,5,5,5,5,5
4,57,185,1,1,5,5,5,5,5,5,5,5,5,5,5,5,5,5,5,5,5,5,5,5,5,5,5,5,5,5,5,5,5,5,5,5,5,5,5,5,5,5
170,57,185,1,1,5,5,5,5,5,5,5,5,5,5,5,5,5,5,5,5,5,5,5,5,5,5,5,4,5,5,5,5,5,5,5,5,5,5,5,5,5,5
188,57,181,1,1,5,5,5,5,5,5,5,5,5,5,5,5,5,5,5,5,5,5,5,5,5,5,5,5,5,5,5,5,5,5,5,5,5,5,5,5,1,5
275,57,170,2,2,5,5,5,5,5,5,5,5,5,5,5,5,5,5,5,4,5,5,5,5,5,5,5,3,4,4,4,4,4,4,4,4,4,4,4,4,4,4
305,57,185,1,2,5,5,5,5,5,5,5,5,5,5,5,5,5,5,5,5,5,5,5,5,5,5,5,5,5,5,5,5,5,5,5,5,5,5,5,5,5,5
385,57,170,2,2,5,5,5,5,5,5,5,5,5,5,5,5,5,5,5,4,5,5,5,5,5,5,5,3,4,4,4,4,4,4,4,4,4,4,4,4,4,4
415,57,185,1,2,5,5,5,5,5,5,5,5,5,5,5,5,5,5,5,5,5,5,5,5,5,5,5,5,5,5,5,5,5,5,5,5,5,5,5,5,5,5
224,58,185,1,1,5,5,5,5,5,5,5,5,5,5,5,5,5,5,5,5,5,5,5,5,5,5,5,4,5,5,5,5,5,5,5,5,5,5,5,5,5,5
252,58,185,1,2,5,5,5,5,5,5,5,5,5,5,5,5,5,5,5,5,5,5,5,5,5,5,5,5,5,5,5,5,5,5,5,5,5,5,5,5,5,5
334,58,185,1,1,5,5,5,5,5,5,5,5,5,5,5,5,5,5,5,5,5,5,5,5,5,5,5,4,5,5,5,5,5,5,5,5,5,5,5,5,5,5
362,58,185,1,2,5,5,5,5,5,5,5,5,5,5,5,5,5,5,5,5,5,5,5,5,5,5,5,5,5,5,5,5,5,5,5,5,5,5,5,5,5,5
81,59,185,1,2,5,5,5,5,5,5,5,5,5,5,5,5,5,5,5,5,5,5,5,5,5,5,5,4,5,5,5,5,5,5,5,5,5,5,5,5,5,5
151,59,185,1,1,5,5,5,5,5,5,5,5,5,5,5,5,5,5,5,5,5,5,5,5,5,5,5,5,5,5,5,5,5,5,5,5,5,5,5,5,5,5
288,59,185,2,2,5,5,5,5,5,5,5,5,5,5,5,5,5,5,5,5,5,5,5,5,5,5,5,5,5,5,5,5,5,5,5,5,5,5,5,5,5,5
398,59,185,2,2,5,5,5,5,5,5,5,5,5,5,5,5,5,5,5,5,5,5,5,5,5,5,5,5,5,5,5,5,5,5,5,5,5,5,5,5,5,5
85,60,185,1,1,5,5,5,5,5,5,5,5,5,5,5,5,5,5,5,5,5,5,5,5,5,5,5,5,5,5,5,5,5,5,5,5,5,5,5,5,5,5
148,60,185,1,1,5,5,5,5,5,5,5,5,5,5,5,5,5,5,5,5,5,5,5,5,5,5,5,5,5,5,5,5,5,5,5,5,5,5,5,5,5,5
222,60,185,1,1,5,5,5,5,5,5,5,5,5,5,5,5,5,5,5,5,5,5,5,5,5,5,5,5,5,5,5,5,5,5,5,5,5,5,5,5,5,5
270,60,185,1,2,5,5,5,5,5,5,5,5,5,5,5,5,5,5,5,5,5,5,5,5,5,5,5,5,5,5,5,5,5,5,5,5,5,5,5,5,5,5
306,60,170,1,1,4,5,5,5,5,5,5,5,5,5,5,5,5,3,4,5,4,4,5,4,5,5,5,4,4,4,5,5,5,5,4,4,4,4,5,4,5,4
332,60,185,1,1,5,5,5,5,5,5,5,5,5,5,5,5,5,5,5,5,5,5,5,5,5,5,5,5,5,5,5,5,5,5,5,5,5,5,5,5,5,5
380,60,185,1,2,5,5,5,5,5,5,5,5,5,5,5,5,5,5,5,5,5,5,5,5,5,5,5,5,5,5,5,5,5,5,5,5,5,5,5,5,5,5
416,60,170,1,1,4,5,5,5,5,5,5,5,5,5,5,5,5,3,4,5,4,4,5,4,5,5,5,4,4,4,5,5,5,5,4,4,4,4,5,4,5,4
77,61,181,1,1,5,5,5,5,5,5,1,5,5,5,5,5,5,5,5,5,5,5,5,5,5,5,5,5,5,5,5,5,5,5,5,5,5,5,5,5,5,5
80,62,185,1,1,5,5,5,5,5,5,5,5,5,5,5,5,5,5,5,5,5,5,5,5,5,5,5,5,5,5,5,5,5,5,5,5,5,5,5,5,5,5
20,64,181,1,1,5,5,5,5,5,5,1,5,5,5,5,5,5,5,5,5,5,5,5,5,5,5,5,5,5,5,5,5,5,5,5,5,5,5,5,5,5,5
38,64,95,1,1,1,1,1,1,1,1,3,3,1,1,3,3,3,3,3,3,3,3,3,3,3,3,3,3,3,3,3,3,3,3,3,3,3,3,3,3,3,3
84,64,185,1,1,5,5,5,5,5,5,5,5,5,5,5,5,5,5,5,5,5,5,5,5,5,5,5,4,5,5,5,5,5,5,5,5,5,5,5,5,5,5
152,64,181,1,1,5,5,5,5,5,5,1,5,5,5,5,5,5,5,5,5,5,5,5,5,5,5,5,5,5,5,5,5,5,5,5,5,5,5,5,5,5,5
280,64,181,2,2,5,5,5,5,5,5,1,5,5,5,5,5,5,5,5,5,5,5,5,5,5,5,5,5,5,5,5,5,5,5,5,5,5,5,5,5,5,5
390,64,181,2,2,5,5,5,5,5,5,1,5,5,5,5,5,5,5,5,5,5,5,5,5,5,5,5,5,5,5,5,5,5,5,5,5,5,5,5,5,5,5
9,65,185,1,1,5,5,5,5,5,5,5,5,5,5,5,5,5,5,5,5,5,5,5,5,5,5,5,5,5,5,5,5,5,5,5,5,5,5,5,5,5,5
39,65,185,1,1,5,5,5,5,5,5,5,5,5,5,5,5,5,5,5,5,5,5,5,5,5,5,5,5,5,5,5,5,5,5,5,5,5,5,5,5,5,5
86,65,180,1,2,5,5,5,5,5,5,1,5,5,5,5,5,5,5,5,5,5,5,5,5,5,5,5,4,5,5,5,5,5,5,5,5,4,5,5,5,5,5
106,65,181,1,1,5,5,5,5,5,5,1,5,5,5,5,5,5,5,5,5,5,5,5,5,5,5,5,5,5,5,5,5,5,5,5,5,5,5,5,5,5,5
6,66,181,1,1,5,5,5,5,5,5,5,5,5,5,5,5,5,5,5,5,5,5,5,5,5,5,5,5,5,5,5,5,5,5,5,5,5,5,5,5,1,5
37,66,130,1,1,3,3,3,3,3,3,2,5,5,5,5,4,5,4,5,4,1,1,5,4,3,3,3,3,2,4,3,4,4,2,3,4,4,4,4,3,3,4
273,66,177,1,2,5,5,5,5,5,5,1,5,5,5,5,5,5,5,5,5,5,5,5,5,5,5,5,5,5,5,5,5,5,5,5,5,5,5,5,5,1,5
383,66,177,1,2,5,5,5,5,5,5,1,5,5,5,5,5,5,5,5,5,5,5,5,5,5,5,5,5,5,5,5,5,5,5,5,5,5,5,5,5,1,5
87,67,185,1,1,5,5,5,5,5,5,5,5,5,5,5,5,5,5,5,5,5,5,5,5,5,5,5,5,5,5,5,5,5,5,5,5,5,5,5,5,5,5
160,67,172,1,1,4,4,4,4,4,4,2,4,5,5,5,4,4,5,5,5,5,5,5,5,5,5,5,5,5,5,5,5,5,5,5,5,5,5,5,5,5,4
299,67,177,1,1,5,5,5,5,5,5,1,5,5,5,5,5,5,5,5,5,5,5,5,5,5,5,5,5,5,5,5,5,5,5,5,5,5,5,5,5,1,5
326,67,179,1,2,5,5,5,5,5,5,5,5,5,5,5,5,5,5,5,5,5,5,5,5,5,3,3,3,4,4,5,5,5,5,5,5,5,5,5,5,5,5
409,67,177,1,1,5,5,5,5,5,5,1,5,5,5,5,5,5,5,5,5,5,5,5,5,5,5,5,5,5,5,5,5,5,5,5,5,5,5,5,5,1,5
436,67,179,1,2,5,5,5,5,5,5,5,5,5,5,5,5,5,5,5,5,5,5,5,5,5,3,3,3,4,4,5,5,5,5,5,5,5,5,5,5,5,5
173,68,111,1,1,3,3,3,3,3,3,3,3,3,3,3,3,3,3,3,3,3,3,3,3,3,3,3,3,3,3,3,3,3,3,3,3,3,3,3,3,3,3
281,68,185,2,2,5,5,5,5,5,5,5,5,5,5,5,5,5,5,5,5,5,5,5,5,5,5,5,5,5,5,5,5,5,5,5,5,5,5,5,5,5,5
287,68,181,2,2,5,5,5,5,5,5,1,5,5,5,5,5,5,5,5,5,5,5,5,5,5,5,5,5,5,5,5,5,5,5,5,5,5,5,5,5,5,5
310,68,185,1,1,5,5,5,5,5,5,5,5,5,5,5,5,5,5,5,5,5,5,5,5,5,5,5,5,5,5,5,5,5,5,5,5,5,5,5,5,5,5
391,68,185,2,2,5,5,5,5,5,5,5,5,5,5,5,5,5,5,5,5,5,5,5,5,5,5,5,5,5,5,5,5,5,5,5,5,5,5,5,5,5,5
397,68,181,2,2,5,5,5,5,5,5,1,5,5,5,5,5,5,5,5,5,5,5,5,5,5,5,5,5,5,5,5,5,5,5,5,5,5,5,5,5,5,5
420,68,185,1,1,5,5,5,5,5,5,5,5,5,5,5,5,5,5,5,5,5,5,5,5,5,5,5,5,5,5,5,5,5,5,5,5,5,5,5,5,5,5
92,69,179,1,1,5,5,5,5,5,5,1,5,5,5,5,5,5,5,5,5,5,5,5,5,5,5,5,5,5,5,5,5,5,5,5,5,5,5,5,5,3,5
156,69,180,1,1,5,5,5,5,5,5,5,5,5,5,5,5,5,5,5,5,5,5,5,5,5,4,4,4,5,5,5,5,5,5,5,5,5,4,4,5,4,5
157,69,181,1,1,5,5,5,5,5,5,1,5,5,5,5,5,5,5,5,5,5,5,5,5,5,5,5,5,5,5,5,5,5,5,5,5,5,5,5,5,5,5
158,69,185,1,1,5,5,5,5,5,5,5,5,5,5,5,5,5,5,5,5,5,5,5,5,5,5,5,5,5,5,5,5,5,5,5,5,5,5,5,5,5,5
282,69,153,2,2,3,3,3,3,3,3,3,3,3,3,3,3,3,3,3,3,5,5,5,5,5,5,5,5,5,5,5,5,5,5,5,5,5,5,5,5,5,5
308,69,185,1,2,5,5,5,5,5,5,5,5,5,5,5,5,5,5,5,5,5,5,5,5,5,5,5,5,5,5,5,5,5,5,5,5,5,5,5,5,5,5
392,69,153,2,2,3,3,3,3,3,3,3,3,3,3,3,3,3,3,3,3,5,5,5,5,5,5,5,5,5,5,5,5,5,5,5,5,5,5,5,5,5,5
418,69,185,1,2,5,5,5,5,5,5,5,5,5,5,5,5,5,5,5,5,5,5,5,5,5,5,5,5,5,5,5,5,5,5,5,5,5,5,5,5,5,5
196,70,185,1,1,5,5,5,5,5,5,5,5,5,5,5,5,5,5,5,5,5,5,5,5,5,5,5,4,5,5,5,5,5,5,5,5,5,5,5,5,5,5
269,70,146,2,2,4,4,4,4,4,4,2,4,4,4,4,4,4,4,4,4,4,4,4,4,4,4,4,4,4,4,4,4,4,4,4,4,4,4,4,4,4,4
274,70,163,2,2,5,5,5,5,5,5,5,5,5,5,5,5,5,5,5,5,4,4,4,4,4,4,4,4,4,4,4,4,4,4,4,4,4,4,4,4,3,4
379,70,146,2,2,4,4,4,4,4,4,2,4,4,4,4,4,4,4,4,4,4,4,4,4,4,4,4,4,4,4,4,4,4,4,4,4,4,4,4,4,4,4
384,70,163,2,2,5,5,5,5,5,5,5,5,5,5,5,5,5,5,5,5,4,4,4,4,4,4,4,4,4,4,4,4,4,4,4,4,4,4,4,4,3,4
42,71,168,1,1,5,5,5,5,5,5,5,5,5,5,5,5,5,5,5,5,5,5,5,5,5,5,5,3,5,5,5,5,5,2,2,2,3,4,4,4,2,5
184,71,181,1,1,5,5,5,5,5,5,1,5,5,5,5,5,5,5,5,5,5,5,5,5,5,5,5,5,5,5,5,5,5,5,5,5,5,5,5,5,5,5
283,71,185,2,1,5,5,5,5,5,5,5,5,5,5,5,5,5,5,5,5,5,5,5,5,5,5,5,5,5,5,5,5,5,5,5,5,5,5,5,5,5,5
393,71,185,2,1,5,5,5,5,5,5,5,5,5,5,5,5,5,5,5,5,5,5,5,5,5,5,5,5,5,5,5,5,5,5,5,5,5,5,5,5,5,5
83,72,185,1,1,5,5,5,5,5,5,5,5,5,5,5,5,5,5,5,5,5,5,5,5,5,5,5,5,5,5,5,5,5,5,5,5,5,5,5,5,5,5
121,72,172,1,1,5,5,5,5,4,5,1,5,5,3,5,5,5,5,5,5,5,5,5,3,5,3,5,4,4,5,4,5,5,5,5,5,5,5,5,5,5,5
159,74,164,1,1,5,5,3,5,5,3,4,4,3,4,5,5,5,5,5,5,5,5,5,4,5,4,5,4,5,5,4,4,4,4,4,4,5,4,5,5,3,4
226,74,181,2,2,5,5,5,5,5,5,1,5,5,5,5,5,5,5,5,5,5,5,5,5,5,5,5,5,5,5,5,5,5,5,5,5,5,5,5,5,5,5
336,74,181,2,2,5,5,5,5,5,5,1,5,5,5,5,5,5,5,5,5,5,5,5,5,5,5,5,5,5,5,5,5,5,5,5,5,5,5,5,5,5,5
5,75,157,1,1,4,4,4,4,4,4,4,4,4,4,4,4,4,4,4,4,4,5,4,5,4,5,4,4,5,4,4,5,4,5,4,4,5,4,5,4,5,4
119,75,143,1,2,5,4,4,4,3,3,2,3,4,3,4,4,4,4,4,4,4,4,4,4,4,4,4,3,4,4,4,4,4,4,4,4,4,4,4,4,4,4
122,75,148,1,1,4,4,4,4,4,3,2,4,4,4,4,4,4,4,4,4,4,4,5,4,5,5,5,4,4,4,4,4,4,4,4,4,4,4,4,4,3,4
225,75,185,1,1,5,5,5,5,5,5,5,5,5,5,5,5,5,5,5,5,5,5,5,5,5,5,5,5,5,5,5,5,5,5,5,5,5,5,5,5,5,5
277,75,182,2,1,5,5,5,5,5,5,5,5,5,5,5,5,5,5,5,5,5,5,5,5,5,5,5,4,5,5,5,5,5,5,5,5,5,5,5,5,3,4
335,75,185,1,1,5,5,5,5,5,5,5,5,5,5,5,5,5,5,5,5,5,5,5,5,5,5,5,5,5,5,5,5,5,5,5,5,5,5,5,5,5,5
387,75,182,2,1,5,5,5,5,5,5,5,5,5,5,5,5,5,5,5,5,5,5,5,5,5,5,5,4,5,5,5,5,5,5,5,5,5,5,5,5,3,4
149,76,177,1,1,5,5,5,5,5,5,1,5,5,5,5,5,5,5,5,5,5,5,5,5,5,5,5,1,5,5,5,5,5,5,5,5,5,5,5,5,1,5
266,76,179,1,2,5,5,5,5,5,5,1,5,5,5,5,5,5,5,5,5,5,5,5,5,5,5,5,5,5,5,5,5,5,5,5,5,5,5,5,5,3,5
376,76,179,1,2,5,5,5,5,5,5,1,5,5,5,5,5,5,5,5,5,5,5,5,5,5,5,5,5,5,5,5,5,5,5,5,5,5,5,5,5,3,5
15,77,181,1,1,5,5,5,5,5,5,1,5,5,5,5,5,5,5,5,5,5,5,5,5,5,5,5,5,5,5,5,5,5,5,5,5,5,5,5,5,5,5
43,77,182,1,1,5,5,5,5,5,5,5,5,5,5,5,5,5,5,5,5,5,5,5,4,5,5,5,4,5,5,4,5,5,5,5,5,5,5,5,5,4,5
79,77,159,1,1,5,5,5,5,5,5,1,5,5,5,5,5,5,5,5,5,4,4,4,4,4,4,4,4,4,4,4,4,4,4,4,4,4,4,4,4,3,4
118,77,132,1,1,4,4,4,4,4,4,2,4,4,4,4,4,4,4,4,4,4,4,4,4,4,4,4,3,3,3,3,3,3,3,3,3,3,3,3,3,3,3
120,77,153,1,1,5,5,5,5,5,5,1,5,5,5,5,5,5,5,5,5,4,4,4,4,4,4,4,2,3,4,4,4,4,4,3,3,2,2,4,4,4,4
242,77,177,1,2,5,5,5,5,5,5,1,5,5,5,5,5,5,5,5,5,5,5,5,5,5,5,5,5,5,5,5,5,5,5,5,5,5,5,5,5,1,5
248,77,185,1,1,5,5,5,5,5,5,5,5,5,5,5,5,5,5,5,5,5,5,5,5,5,5,5,5,5,5,5,5,5,5,5,5,5,5,5,5,5,5
311,77,160,1,1,4,5,5,5,5,5,2,5,5,5,5,5,5,5,5,5,4,4,4,4,4,4,4,4,4,4,4,4,4,4,4,4,4,4,4,4,4,4
352,77,177,1,2,5,5,5,5,5,5,1,5,5,5,5,5,5,5,5,5,5,5,5,5,5,5,5,5,5,5,5,5,5,5,5,5,5,5,5,5,1,5
358,77,185,1,1,5,5,5,5,5,5,5,5,5,5,5,5,5,5,5,5,5,5,5,5,5,5,5,5,5,5,5,5,5,5,5,5,5,5,5,5,5,5
421,77,160,1,1,4,5,5,5,5,5,2,5,5,5,5,5,5,5,5,5,4,4,4,4,4,4,4,4,4,4,4,4,4,4,4,4,4,4,4,4,4,4
7,78,128,1,1,3,3,3,3,3,4,3,3,3,3,3,3,3,3,3,3,3,3,5,3,3,3,3,3,4,4,4,4,4,4,4,4,4,4,4,4,4,4
17,78,136,1,2,3,3,3,3,3,3,1,3,3,3,3,3,3,3,3,3,4,5,5,5,5,5,5,4,4,4,4,5,4,5,5,4,3,4,4,4,2,4
125,78,141,1,1,3,3,4,4,3,4,1,4,4,4,4,4,4,4,4,4,4,4,4,4,4,4,4,4,4,4,4,4,4,4,4,4,4,4,4,4,3,4
245,78,153,2,2,4,4,4,4,4,4,4,4,4,5,5,5,5,5,5,5,4,4,4,4,4,4,4,4,4,4,4,4,4,4,4,4,4,4,4,4,2,4
246,78,181,1,2,5,5,5,5,5,5,1,5,5,5,5,5,5,5,5,5,5,5,5,5,5,5,5,5,5,5,5,5,5,5,5,5,5,5,5,5,5,5
278,78,171,2,2,5,5,5,5,5,5,1,5,5,5,5,5,5,5,5,5,5,5,3,5,5,5,2,3,4,5,5,5,5,5,5,5,5,3,5,3,5,5
355,78,153,2,2,4,4,4,4,4,4,4,4,4,5,5,5,5,5,5,5,4,4,4,4,4,4,4,4,4,4,4,4,4,4,4,4,4,4,4,4,2,4
356,78,181,1,2,5,5,5,5,5,5,1,5,5,5,5,5,5,5,5,5,5,5,5,5,5,5,5,5,5,5,5,5,5,5,5,5,5,5,5,5,5,5
388,78,171,2,2,5,5,5,5,5,5,1,5,5,5,5,5,5,5,5,5,5,5,3,5,5,5,2,3,4,5,5,5,5,5,5,5,5,3,5,3,5,5
41,79,176,1,1,5,5,5,5,5,5,5,5,5,4,5,5,5,5,5,5,5,5,5,5,5,4,4,4,5,5,5,5,5,5,3,5,5,5,5,5,1,5
312,79,170,1,1,4,5,4,4,5,4,5,5,4,5,4,4,5,5,5,5,5,5,4,5,4,4,5,4,5,5,4,5,4,4,5,5,4,4,5,5,5,5
422,79,170,1,1,4,5,4,4,5,4,5,5,4,5,4,4,5,5,5,5,5,5,4,5,4,4,5,4,5,5,4,5,4,4,5,5,4,4,5,5,5,5
11,81,174,1,1,5,5,5,5,5,5,5,5,5,5,5,5,5,5,5,5,5,5,5,5,5,5,5,5,5,5,5,5,5,2,5,2,2,5,5,5,3,5
12,81,103,1,1,3,2,2,3,3,1,4,4,3,3,3,3,3,1,1,1,3,2,3,2,3,3,4,5,4,4,2,3,4,2,4,1,1,1,5,5,3,4
46,81,181,1,1,5,5,5,5,5,5,1,5,5,5,5,5,5,5,5,5,5,5,5,5,5,5,5,5,5,5,5,5,5,5,5,5,5,5,5,5,5,5
110,81,179,1,1,5,5,5,5,5,5,1,5,5,5,5,5,5,5,5,5,5,5,5,5,5,5,5,5,5,5,5,5,5,5,5,5,5,5,5,5,3,5
240,81,185,1,2,5,5,5,5,5,5,5,5,5,5,5,5,5,5,5,5,5,5,5,5,5,5,5,5,5,5,5,5,5,5,5,5,5,5,5,5,5,5
350,81,185,1,2,5,5,5,5,5,5,5,5,5,5,5,5,5,5,5,5,5,5,5,5,5,5,5,5,5,5,5,5,5,5,5,5,5,5,5,5,5,5
194,82,177,1,2,5,5,5,5,5,5,1,5,5,5,5,5,5,5,5,5,5,5,5,5,5,5,5,5,5,5,5,5,5,5,5,5,5,5,5,5,2,4
284,82,185,2,1,5,5,5,5,5,5,5,5,5,5,5,5,5,5,5,5,5,5,5,5,5,5,5,5,5,5,5,5,5,5,5,5,5,5,5,5,5,5
394,82,185,2,1,5,5,5,5,5,5,5,5,5,5,5,5,5,5,5,5,5,5,5,5,5,5,5,5,5,5,5,5,5,5,5,5,5,5,5,5,5,5
195,83,185,1,1,5,5,5,5,5,5,5,5,5,5,5,5,5,5,5,5,5,5,5,5,5,5,5,5,5,5,5,5,5,5,5,5,5,5,5,5,5,5
203,83,181,1,1,5,5,5,5,5,5,1,5,5,5,5,5,5,5,5,5,5,5,5,5,5,5,5,5,5,5,5,5,5,5,5,5,5,5,5,5,5,5
229,83,156,1,2,5,5,5,5,5,5,1,5,5,5,5,5,5,5,5,5,3,4,4,4,4,4,4,4,4,4,4,4,4,4,4,4,4,4,4,4,1,4
315,83,173,1,2,5,5,5,5,5,5,5,5,5,5,5,5,5,5,5,5,4,4,4,5,5,4,4,4,4,5,5,5,4,4,4,5,5,5,5,4,4,4
339,83,156,1,2,5,5,5,5,5,5,1,5,5,5,5,5,5,5,5,5,3,4,4,4,4,4,4,4,4,4,4,4,4,4,4,4,4,4,4,4,1,4
425,83,173,1,2,5,5,5,5,5,5,5,5,5,5,5,5,5,5,5,5,4,4,4,5,5,4,4,4,4,5,5,5,4,4,4,5,5,5,5,4,4,4
91,84,170,1,2,4,4,4,4,4,4,4,4,4,4,4,4,4,5,4,5,5,5,5,5,5,5,5,5,5,5,5,5,5,5,5,5,5,4,5,5,5,5
13,85,148,1,1,4,4,4,4,4,4,4,4,4,4,4,4,4,4,4,4,4,4,4,4,4,4,4,4,4,4,4,4,4,4,4,4,4,4,4,4,4,4
65,86,177,1,1,5,5,5,5,5,5,1,5,5,5,5,5,5,5,5,5,5,5,5,5,5,5,5,1,5,5,5,5,5,5,5,5,5,5,5,5,1,5
10,87,99,1,2,3,2,2,2,2,2,3,3,2,2,2,2,2,2,2,1,3,3,3,3,4,3,1,4,3,3,3,3,4,3,3,3,3,3,3,4,3,4
193,88,181,1,2,5,5,5,5,5,5,1,5,5,5,5,5,5,5,5,5,5,5,5,5,5,5,5,5,5,5,5,5,5,5,5,5,5,5,5,5,5,5
233,88,126,1,1,3,3,3,3,3,3,3,3,3,3,3,3,3,3,3,3,3,3,5,1,4,3,4,4,4,4,4,3,4,4,4,4,4,4,4,4,4,4
343,88,126,1,1,3,3,3,3,3,3,3,3,3,3,3,3,3,3,3,3,3,3,5,1,4,3,4,4,4,4,4,3,4,4,4,4,4,4,4,4,4,4
190,89,161,1,1,5,5,5,5,5,5,1,5,5,5,5,5,5,5,5,5,4,4,4,4,4,4,4,4,4,4,4,4,4,4,4,4,4,4,4,4,4,5
237,89,182,1,2,5,5,5,5,5,5,2,5,5,5,5,5,5,5,5,5,5,5,5,5,5,5,5,4,5,5,5,5,5,5,5,5,5,5,5,5,5,5
256,89,181,1,1,5,5,5,5,5,5,1,5,5,5,5,5,5,5,5,5,5,5,5,5,5,5,5,5,5,5,5,5,5,5,5,5,5,5,5,5,5,5
347,89,182,1,2,5,5,5,5,5,5,2,5,5,5,5,5,5,5,5,5,5,5,5,5,5,5,5,4,5,5,5,5,5,5,5,5,5,5,5,5,5,5
366,89,181,1,1,5,5,5,5,5,5,1,5,5,5,5,5,5,5,5,5,5,5,5,5,5,5,5,5,5,5,5,5,5,5,5,5,5,5,5,5,5,5
161,90,130,1,1,1,1,1,1,1,3,2,3,3,1,1,5,2,1,1,1,3,5,5,5,5,5,5,3,4,5,5,5,5,5,5,5,5,5,5,5,5,5
186,90,149,1,1,5,5,5,5,5,5,1,5,5,5,5,5,5,5,5,5,3,4,4,3,4,4,3,3,3,4,2,3,3,3,4,4,4,4,4,4,2,4
94,91,149,1,1,4,4,4,4,4,4,4,4,4,4,4,4,4,4,4,4,5,5,5,5,5,5,5,3,4,4,4,4,4,4,3,3,4,3,3,3,4,3
230,91,185,1,1,5,5,5,5,5,5,5,5,5,5,5,5,5,5,5,5,5,5,5,5,5,5,5,5,5,5,5,5,5,5,5,5,5,5,5,5,5,5
231,91,181,1,2,5,5,5,5,5,5,1,5,5,5,5,5,5,5,5,5,5,5,5,5,5,5,5,4,5,5,5,5,5,5,5,5,5,5,5,5,5,5
340,91,185,1,1,5,5,5,5,5,5,5,5,5,5,5,5,5,5,5,5,5,5,5,5,5,5,5,5,5,5,5,5,5,5,5,5,5,5,5,5,5,5
341,91,181,1,2,5,5,5,5,5,5,1,5,5,5,5,5,5,5,5,5,5,5,5,5,5,5,5,4,5,5,5,5,5,5,5,5,5,5,5,5,5,5
238,92,185,1,1,5,5,5,5,5,5,5,5,5,5,5,5,5,5,5,5,5,5,5,5,5,5,5,5,5,5,5,5,5,5,5,5,5,5,5,5,5,5
348,92,185,1,1,5,5,5,5,5,5,5,5,5,5,5,5,5,5,5,5,5,5,5,5,5,5,5,5,5,5,5,5,5,5,5,5,5,5,5,5,5,5
314,93,177,1,1,5,5,5,5,5,5,1,5,5,5,5,5,5,5,5,5,5,5,5,5,5,5,5,5,5,5,5,5,5,5,5,5,5,5,5,5,1,5
424,93,177,1,1,5,5,5,5,5,5,1,5,5,5,5,5,5,5,5,5,5,5,5,5,5,5,5,5,5,5,5,5,5,5,5,5,5,5,5,5,1,5
48,94,111,1,1,3,3,3,3,3,3,3,3,3,3,3,3,3,3,3,3,3,3,3,3,3,3,3,3,3,3,3,3,3,3,3,3,3,3,3,3,3,3
204,94,177,1,1,5,5,5,5,5,5,1,5,5,5,5,5,5,5,5,5,5,5,5,5,5,5,5,4,5,5,5,5,5,5,5,5,5,5,5,5,1,5
259,94,177,2,2,5,5,5,5,5,5,1,5,5,5,5,5,5,5,5,5,5,5,5,5,5,5,5,5,5,5,5,5,5,5,5,5,5,5,5,5,1,5
369,94,177,2,2,5,5,5,5,5,5,1,5,5,5,5,5,5,5,5,5,5,5,5,5,5,5,5,5,5,5,5,5,5,5,5,5,5,5,5,5,1,5
47,95,185,1,2,5,5,5,5,5,5,5,5,5,5,5,5,5,5,5,5,5,5,5,5,5,5,5,5,5,5,5,5,5,5,5,5,5,5,5,5,5,5
232,95,181,1,1,5,5,5,5,5,5,5,5,5,5,5,5,5,5,5,5,4,5,5,5,5,5,4,5,5,5,5,5,5,5,5,5,5,4,5,5,4,5
261,95,185,1,1,5,5,5,5,5,5,5,5,5,5,5,5,5,5,5,5,5,5,5,5,5,5,5,5,5,5,5,5,5,5,5,5,5,5,5,5,5,5
301,95,127,1,1,3,3,4,4,3,4,2,4,4,4,3,5,5,3,4,4,3,2,4,5,5,5,5,4,3,3,4,4,4,2,4,2,1,2,2,2,2,4
322,95,181,1,2,5,5,5,5,5,5,5,5,5,5,5,5,5,5,5,5,5,5,5,5,5,5,5,5,5,5,5,5,5,5,5,5,5,5,5,5,1,5
342,95,181,1,1,5,5,5,5,5,5,5,5,5,5,5,5,5,5,5,5,4,5,5,5,5,5,4,5,5,5,5,5,5,5,5,5,5,4,5,5,4,5
371,95,185,1,1,5,5,5,5,5,5,5,5,5,5,5,5,5,5,5,5,5,5,5,5,5,5,5,5,5,5,5,5,5,5,5,5,5,5,5,5,5,5
411,95,127,1,1,3,3,4,4,3,4,2,4,4,4,3,5,5,3,4,4,3,2,4,5,5,5,5,4,3,3,4,4,4,2,4,2,1,2,2,2,2,4
432,95,181,1,2,5,5,5,5,5,5,5,5,5,5,5,5,5,5,5,5,5,5,5,5,5,5,5,5,5,5,5,5,5,5,5,5,5,5,5,5,1,5
44,96,139,1,2,2,3,3,2,3,5,1,5,5,5,5,5,3,4,4,3,4,4,5,5,5,5,2,4,4,3,4,5,2,2,4,4,4,3,4,5,4,3
95,96,167,1,1,5,5,5,5,5,5,1,5,5,5,5,5,5,5,5,5,5,5,4,4,3,5,4,5,4,5,4,5,3,3,4,4,5,5,5,5,4,5
90,97,181,1,1,5,5,5,5,5,5,5,5,5,5,5,5,5,5,5,5,5,5,5,5,5,5,5,4,4,5,4,5,5,5,5,4,4,5,5,5,5,5
143,97,148,1,1,5,5,5,5,5,5,1,5,5,5,5,5,5,5,5,5,3,3,3,3,4,4,4,3,3,3,4,4,4,3,4,3,3,3,3,4,3,4
289,97,176,2,2,3,4,4,4,4,5,2,5,5,5,5,5,5,5,5,5,5,5,5,5,5,5,5,5,5,5,5,5,5,5,5,5,5,5,5,5,5,5
302,97,166,1,2,4,4,5,5,5,5,1,5,5,4,5,5,5,4,5,5,4,4,5,5,5,5,4,3,5,5,5,5,5,4,4,4,4,4,5,4,3,5
399,97,176,2,2,3,4,4,4,4,5,2,5,5,5,5,5,5,5,5,5,5,5,5,5,5,5,5,5,5,5,5,5,5,5,5,5,5,5,5,5,5,5
412,97,166,1,2,4,4,5,5,5,5,1,5,5,4,5,5,5,4,5,5,4,4,5,5,5,5,4,3,5,5,5,5,5,4,4,4,4,4,5,4,3,5
45,98,141,1,1,4,4,4,4,4,4,4,4,4,4,4,4,4,4,4,4,3,3,3,3,3,3,3,3,4,4,4,4,4,4,4,4,4,4,4,4,4,4
89,98,140,1,2,2,2,4,5,4,4,2,4,4,4,3,4,4,4,3,3,4,4,4,4,4,4,4,4,4,4,4,4,4,4,4,4,4,4,4,4,4,4
213,98,173,1,2,5,5,5,5,5,5,1,5,5,5,5,5,5,5,5,5,5,5,3,4,5,5,5,5,4,5,5,5,5,5,5,3,5,5,5,5,3,5
296,98,137,1,2,4,4,4,4,4,5,2,3,3,4,4,5,3,3,3,3,4,4,3,3,4,5,5,3,3,4,4,4,4,3,3,3,3,4,5,3,4,4
406,98,137,1,2,4,4,4,4,4,5,2,3,3,4,4,5,3,3,3,3,4,4,3,3,4,5,5,3,3,4,4,4,4,3,3,3,3,4,5,3,4,4
14,99,185,1,2,5,5,5,5,5,5,5,5,5,5,5,5,5,5,5,5,5,5,5,5,5,5,5,5,5,5,5,5,5,5,5,5,5,5,5,5,5,5
123,100,153,1,1,5,5,5,5,5,5,5,5,5,5,5,5,5,5,5,5,3,3,3,4,3,3,4,4,4,3,3,4,3,4,3,4,4,3,4,4,4,3
187,100,181,1,1,5,5,5,5,5,5,5,5,5,5,5,5,5,5,5,5,5,5,5,5,5,5,5,5,5,5,5,5,5,5,5,5,5,5,5,5,1,5
192,100,183,1,1,5,5,5,5,5,5,5,5,5,5,5,5,5,5,5,5,5,5,5,5,5,5,5,5,5,5,5,5,5,5,5,5,5,5,5,5,3,5
206,100,153,1,1,5,5,4,4,4,4,2,4,4,4,4,4,4,4,4,4,5,5,5,5,5,4,4,4,4,4,4,4,4,4,4,4,4,4,4,4,4,4
53,101,154,1,1,4,4,4,3,4,5,1,4,4,4,4,5,5,4,4,3,4,4,4,5,3,5,5,4,4,4,3,4,4,5,4,5,5,5,5,4,5,5
93,101,177,1,1,5,5,5,5,5,5,1,5,5,5,5,5,5,5,5,5,5,5,5,5,5,5,5,5,5,5,5,5,5,5,5,5,5,5,5,5,1,5
97,102,179,1,1,5,5,5,5,5,5,1,5,5,5,5,5,5,5,5,5,5,5,5,5,5,5,5,5,5,5,5,5,5,5,5,5,5,5,5,5,3,5
98,102,146,1,2,4,4,4,4,4,4,4,4,4,4,4,4,4,4,4,4,5,4,2,3,4,4,4,4,3,3,4,4,4,5,5,4,4,4,4,4,4,4
236,102,184,1,1,5,5,5,5,5,5,5,5,5,5,5,5,5,5,5,5,5,5,5,5,5,4,5,5,5,5,5,5,5,5,5,5,5,5,5,5,5,5
276,102,170,2,2,5,5,5,5,5,5,1,5,5,5,5,5,5,4,4,4,5,5,5,5,5,5,4,5,5,5,5,5,5,4,4,4,4,4,5,4,4,5
346,102,184,1,1,5,5,5,5,5,5,5,5,5,5,5,5,5,5,5,5,5,5,5,5,5,4,5,5,5,5,5,5,5,5,5,5,5,5,5,5,5,5
386,102,170,2,2,5,5,5,5,5,5,1,5,5,5,5,5,5,4,4,4,5,5,5,5,5,5,4,5,5,5,5,5,5,4,4,4,4,4,5,4,4,5
50,103,116,1,1,3,3,3,3,3,3,2,4,3,3,3,3,3,3,3,3,4,3,1,3,3,4,5,4,4,4,4,3,3,2,2,2,3,3,3,4,3,5
57,103,143,1,1,3,3,3,3,3,5,3,4,2,3,3,3,3,3,3,3,4,4,5,5,5,5,5,5,5,5,4,5,5,5,3,3,4,3,5,5,3,5
235,103,177,2,1,5,5,5,5,5,5,1,5,5,5,5,5,5,5,5,5,5,5,5,5,5,5,5,5,5,5,5,5,4,5,4,5,5,5,5,5,3,5
286,103,181,2,1,5,5,5,5,5,5,1,5,5,5,5,5,5,5,5,5,5,5,5,5,5,5,5,5,5,5,5,5,5,5,5,5,5,5,5,5,5,5
345,103,177,2,1,5,5,5,5,5,5,1,5,5,5,5,5,5,5,5,5,5,5,5,5,5,5,5,5,5,5,5,5,4,5,4,5,5,5,5,5,3,5
396,103,181,2,1,5,5,5,5,5,5,1,5,5,5,5,5,5,5,5,5,5,5,5,5,5,5,5,5,5,5,5,5,5,5,5,5,5,5,5,5,5,5
260,104,145,2,2,5,5,5,5,5,5,5,5,5,5,5,5,5,5,5,5,3,3,3,3,3,3,3,3,2,4,3,3,3,2,4,3,3,3,3,3,3,5
370,104,145,2,2,5,5,5,5,5,5,5,5,5,5,5,5,5,5,5,5,3,3,3,3,3,3,3,3,2,4,3,3,3,2,4,3,3,3,3,3,3,5
51,105,122,1,1,4,4,2,4,4,2,3,3,3,4,2,2,1,3,2,3,3,3,3,4,3,2,3,4,4,4,4,4,4,2,3,4,4,5,5,4,4,4
239,105,179,1,2,5,5,5,5,5,5,1,5,5,5,5,5,5,5,5,5,5,5,5,5,5,5,5,5,5,5,5,5,5,5,5,5,5,5,5,5,3,5
257,105,185,1,1,5,5,5,5,5,5,5,5,5,5,5,5,5,5,5,5,5,5,5,5,5,5,5,5,5,5,5,5,5,5,5,5,5,5,5,5,5,5
349,105,179,1,2,5,5,5,5,5,5,1,5,5,5,5,5,5,5,5,5,5,5,5,5,5,5,5,5,5,5,5,5,5,5,5,5,5,5,5,5,3,5
367,105,185,1,1,5,5,5,5,5,5,5,5,5,5,5,5,5,5,5,5,5,5,5,5,5,5,5,5,5,5,5,5,5,5,5,5,5,5,5,5,5,5
165,107,176,1,2,5,4,5,5,5,5,1,5,5,5,5,5,5,5,4,5,5,5,5,5,5,5,5,4,5,5,5,5,5,5,5,5,5,5,5,5,2,5
96,108,176,1,1,5,5,5,5,5,5,1,5,5,5,5,5,5,5,5,5,5,5,5,5,5,5,5,3,5,5,3,5,5,5,5,5,5,5,5,5,2,5
16,109,177,1,1,5,5,5,5,5,5,1,5,5,5,5,5,5,5,5,5,5,5,5,5,5,5,5,4,5,5,5,5,5,5,5,5,5,5,5,5,1,5
26,109,150,1,1,5,5,4,4,4,5,1,5,5,5,5,5,5,3,3,2,4,4,4,4,4,4,4,4,4,4,4,4,4,4,4,4,4,4,4,4,4,4
55,109,136,1,2,5,5,5,5,5,2,1,4,4,1,3,4,4,5,4,3,5,5,5,3,3,3,3,3,3,4,4,4,3,4,3,3,3,4,5,3,3,3
18,110,115,1,2,3,2,2,2,1,4,3,2,1,1,1,1,5,1,1,1,5,5,5,2,4,5,4,5,5,5,3,4,4,2,2,1,5,5,5,5,4,4
49,110,151,1,1,4,4,4,4,3,3,3,4,4,4,4,4,4,5,5,5,5,5,4,4,4,4,5,4,4,4,4,4,4,4,4,4,4,4,4,4,4,4
52,110,172,1,2,5,5,5,5,5,5,1,5,5,5,5,5,5,5,5,5,5,5,5,5,5,5,5,4,5,5,4,4,3,5,4,5,3,5,5,5,3,5
136,110,155,1,2,5,5,5,5,5,5,3,5,5,3,4,5,5,5,5,5,4,4,3,5,3,4,4,4,4,4,4,4,4,3,4,3,3,4,5,4,3,4
99,111,174,1,1,4,4,5,5,5,5,1,5,5,5,5,5,5,5,5,5,5,5,5,5,5,5,5,4,5,5,5,5,5,5,5,5,5,4,5,5,2,4
101,112,182,1,1,5,5,5,5,5,5,3,5,5,4,5,5,5,5,5,5,5,5,5,5,5,5,5,5,5,5,5,5,5,5,5,5,5,5,5,5,5,5
114,112,180,1,1,5,5,5,5,5,5,1,5,5,4,5,5,5,5,5,5,5,5,5,5,5,5,5,4,5,5,5,5,5,5,5,5,5,5,5,5,5,5
124,112,168,1,1,4,4,4,4,5,5,1,5,5,3,5,5,5,5,5,5,4,4,2,4,4,5,5,5,5,5,5,5,5,5,5,5,5,5,5,5,5,5
258,112,148,1,1,4,4,4,4,4,4,4,4,4,4,4,4,4,4,4,4,4,4,4,4,4,4,4,4,4,4,4,4,4,4,4,4,4,4,4,4,4,4
368,112,148,1,1,4,4,4,4,4,4,4,4,4,4,4,4,4,4,4,4,4,4,4,4,4,4,4,4,4,4,4,4,4,4,4,4,4,4,4,4,4,4
162,113,163,1,1,5,5,5,5,5,5,1,5,5,5,5,5,5,5,5,5,4,5,4,5,5,3,5,4,4,4,4,4,4,4,4,4,5,4,4,4,2,5
163,113,185,1,1,5,5,5,5,5,5,5,5,5,5,5,5,5,5,5,5,5,5,5,5,5,5,5,4,5,5,5,5,5,5,5,5,5,5,5,5,5,5
102,114,180,1,1,5,5,5,5,5,5,1,5,5,5,5,5,5,5,5,5,5,5,5,5,5,5,5,5,5,5,5,5,5,5,5,5,5,5,5,5,4,5
126,114,143,1,1,5,5,5,5,5,5,1,5,5,5,5,5,5,5,5,5,2,2,5,3,5,3,3,2,3,3,3,3,3,3,3,3,3,3,5,3,1,5
19,115,143,1,1,4,4,4,4,4,4,2,4,4,3,4,4,4,4,4,4,4,4,4,4,4,4,2,4,4,4,4,4,4,4,4,4,4,4,4,4,4,4
66,115,157,1,2,5,5,4,3,5,4,2,3,3,4,4,5,4,3,4,3,5,5,5,5,5,5,5,4,5,5,4,5,5,3,4,2,3,5,5,5,5,5
164,118,178,1,1,5,5,5,5,5,5,1,5,5,5,5,5,5,5,5,5,5,5,5,5,5,5,5,3,5,5,5,5,5,5,5,5,5,5,5,5,2,5
197,118,165,1,1,4,4,5,3,4,5,1,4,4,5,5,4,5,5,5,5,5,4,5,5,4,5,5,4,5,5,5,5,5,5,4,5,5,4,5,5,1,5
291,118,141,2,2,3,3,3,3,3,3,3,3,4,3,3,3,3,3,3,3,5,5,5,4,4,5,4,4,4,4,4,4,4,4,4,4,4,4,5,5,5,5
401,118,141,2,2,3,3,3,3,3,3,3,3,4,3,3,3,3,3,3,3,5,5,5,4,4,5,4,4,4,4,4,4,4,4,4,4,4,4,5,5,5,5
103,119,154,1,2,5,5,4,5,5,4,1,4,5,5,5,5,4,5,5,4,4,4,5,5,5,5,3,4,4,4,4,3,4,4,4,4,3,3,4,4,3,4
267,119,130,2,2,3,3,3,3,3,3,3,3,3,3,3,3,3,3,3,3,4,4,4,4,4,4,4,3,4,3,4,4,4,4,4,4,4,4,4,3,4,4
377,119,130,2,2,3,3,3,3,3,3,3,3,3,3,3,3,3,3,3,3,4,4,4,4,4,4,4,3,4,3,4,4,4,4,4,4,4,4,4,3,4,4
60,121,177,1,1,2,5,5,5,5,5,5,5,5,5,5,5,5,5,5,5,5,5,5,4,5,4,3,3,5,5,5,5,5,4,5,5,5,5,5,5,5,5
169,121,141,1,1,5,5,5,5,5,4,4,5,5,5,5,4,4,2,2,5,3,3,3,3,4,5,5,3,3,3,3,4,4,3,3,3,2,4,3,3,4,3
62,122,102,1,2,1,1,1,1,1,1,1,3,3,1,1,3,1,3,1,1,1,4,5,5,5,5,3,3,3,4,4,4,4,4,2,4,4,4,4,4,1,4
241,122,177,1,1,5,5,5,5,5,5,1,5,5,5,5,5,5,5,5,5,5,5,5,5,5,5,5,3,5,5,5,5,5,5,5,5,5,5,5,5,1,5
351,122,177,1,1,5,5,5,5,5,5,1,5,5,5,5,5,5,5,5,5,5,5,5,5,5,5,5,3,5,5,5,5,5,5,5,5,5,5,5,5,1,5
54,123,134,1,1,3,3,4,3,4,4,2,4,4,4,4,4,4,4,3,4,4,4,2,2,4,4,4,3,4,3,4,4,4,4,4,3,3,4,4,3,4,4
166,124,175,1,1,5,5,5,5,5,5,1,5,5,5,5,5,5,5,5,5,5,5,4,4,4,5,5,5,5,5,3,5,5,5,5,5,5,5,5,5,4,5
167,126,178,1,1,4,5,5,5,5,5,2,5,5,5,5,5,5,5,5,5,5,5,5,2,5,5,5,5,5,5,5,5,5,5,5,5,5,5,5,5,5,5
59,127,165,1,1,4,4,4,4,4,5,2,4,4,4,4,4,4,4,4,4,5,5,5,5,5,5,5,5,5,5,5,5,5,5,5,5,5,5,5,5,2,5
56,129,174,1,2,5,5,5,5,5,5,1,5,5,5,5,5,5,5,5,5,5,5,5,5,5,4,3,5,5,5,5,5,5,5,5,5,5,5,5,5,1,5
61,130,179,1,1,5,5,5,5,5,5,1,5,5,5,5,5,5,5,5,5,5,5,5,5,5,5,5,5,5,5,4,5,5,5,5,5,5,5,5,5,4,5
244,130,173,1,1,5,5,5,5,5,5,2,5,5,5,5,5,5,5,5,5,3,4,2,3,5,5,5,5,5,5,5,5,5,5,5,5,5,5,5,5,4,5
354,130,173,1,1,5,5,5,5,5,5,2,5,5,5,5,5,5,5,5,5,3,4,2,3,5,5,5,5,5,5,5,5,5,5,5,5,5,5,5,5,4,5
23,131,87,1,1,3,3,3,3,3,5,2,5,4,3,3,3,3,2,2,2,1,1,3,1,1,2,1,1,2,1,1,1,1,3,2,4,2,1,2,4,1,3
63,131,161,1,1,4,4,5,5,4,5,1,5,5,5,5,5,5,3,3,4,4,4,4,4,5,5,5,4,4,3,5,4,4,5,5,5,5,4,5,5,4,4
28,133,176,1,1,5,5,5,5,5,5,5,5,5,5,5,5,5,4,4,3,5,5,5,5,5,5,5,3,5,5,4,4,5,5,5,5,5,5,5,5,3,4
100,133,140,1,1,4,4,4,4,4,4,2,4,4,4,4,4,4,4,4,4,4,4,4,4,4,4,3,3,4,4,3,3,4,4,4,3,3,4,4,4,3,4
150,136,170,1,1,5,5,5,5,5,5,2,5,5,5,5,5,5,5,5,5,5,5,5,5,5,5,5,4,5,5,5,5,5,5,4,3,3,3,4,3,4,4
300,136,128,1,2,3,3,3,3,3,3,1,3,3,3,3,3,3,3,3,3,4,4,4,4,4,4,4,4,4,4,4,4,4,4,4,4,4,4,4,4,2,4
410,136,128,1,2,3,3,3,3,3,3,1,3,3,3,3,3,3,3,3,3,4,4,4,4,4,4,4,4,4,4,4,4,4,4,4,4,4,4,4,4,2,4
168,137,150,1,2,5,5,4,5,4,5,1,5,5,4,4,5,5,5,5,5,3,4,2,3,4,5,4,3,3,4,4,4,4,3,4,3,3,4,4,4,4,5
58,141,180,1,1,5,5,5,5,4,5,2,5,5,4,5,5,5,5,5,5,5,5,5,5,5,5,5,4,5,5,5,5,5,5,5,5,5,5,5,5,5,5
71,141,159,1,1,5,4,5,4,5,5,1,5,5,4,4,5,5,4,3,5,5,5,5,5,4,5,3,4,4,5,5,5,5,3,5,4,3,3,5,5,1,5
199,141,181,1,1,5,5,5,5,5,5,1,5,5,5,5,5,5,5,5,5,5,5,5,5,5,5,5,5,5,5,5,5,5,5,5,5,5,5,5,5,5,5
64,142,127,1,1,3,3,3,3,3,3,3,3,3,3,3,3,3,3,3,3,4,4,3,4,4,3,4,4,4,4,3,4,4,3,3,4,4,4,4,4,4,4
250,142,180,1,1,5,5,5,5,5,5,2,5,5,5,5,5,5,5,5,5,5,5,5,5,5,5,5,5,5,5,5,5,5,5,5,5,5,5,5,5,3,5
360,142,180,1,1,5,5,5,5,5,5,2,5,5,5,5,5,5,5,5,5,5,5,5,5,5,5,5,5,5,5,5,5,5,5,5,5,5,5,5,5,3,5
21,143,115,1,2,3,3,3,3,3,3,1,2,3,1,3,3,3,3,3,3,3,3,3,3,3,3,3,3,4,4,4,4,4,3,3,3,3,3,4,4,4,4
127,143,175,1,1,5,5,5,5,5,3,1,5,5,5,5,5,5,5,5,5,5,5,5,5,5,5,5,5,5,5,5,5,5,5,5,5,5,5,5,5,1,5
70,146,161,1,2,4,4,3,3,3,5,1,5,5,5,5,5,4,5,4,5,5,5,5,5,5,5,4,4,4,5,4,4,5,4,5,3,4,4,5,5,4,5
146,146,152,1,1,5,5,5,5,5,4,2,4,4,4,4,4,4,4,4,4,3,5,5,4,4,4,4,4,4,4,4,4,4,4,4,4,4,4,4,4,4,4
25,147,122,1,1,2,2,3,2,2,4,2,4,4,2,4,4,4,2,2,2,3,3,4,4,4,5,4,4,4,4,4,4,4,4,2,3,4,4,4,4,2,3
198,147,178,1,1,5,5,5,5,5,5,5,5,5,5,5,5,5,5,5,5,4,5,4,5,5,5,3,5,5,5,5,5,5,5,5,5,5,5,5,5,2,5
111,148,163,1,1,5,5,5,5,5,5,1,5,5,5,5,5,5,5,5,5,5,4,5,5,4,5,4,4,4,4,4,4,4,4,4,4,4,4,4,4,2,5
171,148,146,1,2,3,4,4,4,4,4,2,5,5,5,3,2,3,2,2,5,5,5,2,1,5,5,5,3,5,5,5,5,5,4,5,3,3,4,5,5,3,4
113,149,159,1,1,5,5,5,5,5,5,1,5,5,5,5,5,5,5,5,5,4,4,3,4,3,5,5,4,3,3,3,4,4,4,3,4,5,5,5,5,3,4
172,150,157,1,2,5,5,5,4,3,5,1,3,5,4,4,4,4,3,3,5,5,5,5,5,5,5,4,5,5,5,4,4,4,3,4,3,4,5,5,5,4,5
128,151,142,1,1,4,4,4,4,4,3,2,4,4,4,4,4,4,4,4,4,4,4,3,2,4,4,4,4,4,4,4,4,4,4,4,4,4,4,4,4,4,4
24,152,156,1,1,5,5,5,5,5,5,5,5,5,5,5,5,5,5,5,5,3,3,3,2,3,3,4,4,4,4,4,4,4,4,4,4,4,4,4,4,3,4
104,152,178,1,1,5,5,5,5,5,5,1,5,5,5,5,5,5,5,3,5,5,5,5,5,5,5,5,5,5,5,5,5,5,5,5,5,5,5,5,5,4,5
27,153,159,1,1,5,5,5,5,5,5,5,5,5,5,5,5,5,5,5,5,4,4,4,4,4,4,4,4,3,4,3,4,4,3,4,4,3,4,4,4,4,3
175,154,178,1,1,5,5,5,5,5,5,1,5,5,5,5,5,5,5,5,5,5,5,5,5,5,5,5,3,5,5,5,5,5,5,5,5,5,5,5,5,2,5
174,155,143,1,1,4,4,4,4,4,5,1,5,4,3,4,4,4,5,5,5,3,4,5,2,3,5,4,4,4,4,4,4,4,3,4,3,3,3,4,4,4,4
320,155,180,1,1,5,5,5,5,5,5,1,5,5,5,5,5,5,5,5,5,5,5,5,5,5,5,5,5,5,5,5,5,5,5,5,5,5,5,5,5,4,5
430,155,180,1,1,5,5,5,5,5,5,1,5,5,5,5,5,5,5,5,5,5,5,5,5,5,5,5,5,5,5,5,5,5,5,5,5,5,5,5,5,4,5
144,159,155,1,1,5,5,5,5,5,5,1,5,5,5,5,5,5,5,5,5,4,4,3,3,3,5,4,4,3,4,3,4,4,4,4,4,4,4,4,4,2,5
129,160,160,1,1,5,5,5,5,4,4,1,5,5,4,4,4,5,5,5,5,5,5,5,5,5,4,4,4,4,5,4,5,4,4,4,4,4,4,4,4,2,4
67,162,160,1,1,3,5,5,5,3,4,1,5,5,5,5,5,5,3,4,5,5,5,5,4,5,5,3,3,5,4,4,4,5,5,5,4,4,4,5,5,1,5
212,163,172,1,1,5,5,5,5,5,4,1,5,5,5,5,5,5,5,5,5,5,5,5,4,5,4,5,1,5,5,4,5,4,4,5,4,5,5,5,5,3,5
68,164,163,1,1,4,4,4,4,4,4,1,4,4,4,4,4,4,4,4,4,5,5,5,5,5,5,5,5,5,5,5,5,5,5,5,5,5,5,5,5,2,5
69,164,177,1,1,5,5,5,5,5,5,1,5,5,5,5,5,5,5,5,5,5,5,5,5,5,5,5,5,5,5,5,5,5,5,5,5,5,5,5,5,1,5
292,164,177,2,2,5,5,5,5,5,5,1,5,5,5,5,5,5,5,5,5,5,5,5,5,5,5,5,5,5,5,5,5,5,5,5,5,5,5,5,5,1,5
402,164,177,2,2,5,5,5,5,5,5,1,5,5,5,5,5,5,5,5,5,5,5,5,5,5,5,5,5,5,5,5,5,5,5,5,5,5,5,5,5,1,5
107,168,170,1,1,5,5,5,5,5,5,1,5,5,5,5,5,5,5,5,5,5,5,5,4,5,4,4,4,4,5,5,5,5,4,4,4,4,5,5,5,2,5
131,168,171,1,1,5,5,5,5,5,5,1,4,5,3,5,4,4,4,5,5,5,5,5,5,5,5,4,5,5,5,5,5,5,4,5,5,4,4,5,5,5,5
319,172,151,1,1,5,5,5,5,5,4,1,5,5,5,5,5,5,5,5,5,5,5,5,5,5,5,5,5,5,3,3,3,3,3,3,2,2,2,3,3,3,3
429,172,151,1,1,5,5,5,5,5,4,1,5,5,5,5,5,5,5,5,5,5,5,5,5,5,5,5,5,5,3,3,3,3,3,3,2,2,2,3,3,3,3
30,173,133,1,1,3,3,3,3,3,3,2,3,2,2,3,2,3,2,2,2,5,5,4,5,5,5,5,3,5,5,5,5,5,3,3,3,3,4,5,4,3,5
108,173,149,1,1,5,5,5,5,5,5,1,5,5,5,5,5,5,5,2,3,5,5,3,4,4,5,5,4,4,4,3,3,3,2,4,3,2,4,4,3,3,5
318,175,183,1,2,5,5,5,5,5,5,5,5,5,5,5,5,5,5,5,5,5,5,5,5,5,5,5,5,5,5,5,5,5,5,5,5,5,5,5,5,3,5
428,175,183,1,2,5,5,5,5,5,5,5,5,5,5,5,5,5,5,5,5,5,5,5,5,5,5,5,5,5,5,5,5,5,5,5,5,5,5,5,5,3,5
321,176,176,1,2,5,5,5,5,5,5,1,5,5,5,5,5,5,5,5,5,5,5,5,5,5,5,5,5,5,5,5,5,5,5,5,5,5,5,5,5,1,4
431,176,176,1,2,5,5,5,5,5,5,1,5,5,5,5,5,5,5,5,5,5,5,5,5,5,5,5,5,5,5,5,5,5,5,5,5,5,5,5,5,1,4
72,177,156,1,1,5,5,5,5,5,5,1,4,5,4,5,5,4,4,5,5,4,4,5,4,5,4,5,4,4,4,4,4,4,4,4,4,3,4,4,4,2,4
130,177,143,1,1,5,4,4,4,3,3,3,5,4,3,4,4,4,4,3,4,4,4,5,5,4,4,3,4,4,4,4,4,4,3,3,3,4,4,4,4,4,4
210,177,159,1,1,5,5,5,5,5,5,5,5,5,5,5,5,5,5,5,5,4,4,4,5,4,4,4,5,4,4,4,4,4,3,4,2,2,4,4,4,3,4
325,177,166,2,1,3,5,5,3,3,3,5,3,3,4,4,4,5,5,4,4,5,5,5,5,5,5,5,5,5,5,5,5,5,5,5,5,5,5,5,5,3,5
435,177,166,2,1,3,5,5,3,3,3,5,3,3,4,4,4,5,5,4,4,5,5,5,5,5,5,5,5,5,5,5,5,5,5,5,5,5,5,5,5,3,5
176,178,157,1,1,4,4,5,5,4,5,1,5,5,3,5,5,3,5,5,5,5,5,5,3,5,5,5,4,4,3,4,4,4,4,4,4,4,4,4,4,4,4
177,180,164,1,2,5,5,3,5,3,5,2,3,4,2,3,3,5,3,3,5,5,5,5,5,5,5,5,5,5,5,5,5,5,5,5,5,5,5,5,5,5,5
105,181,133,1,2,3,5,4,3,3,5,2,4,3,3,2,3,3,4,3,1,5,5,5,3,2,5,1,4,5,4,4,4,4,3,3,4,4,5,5,5,3,3
29,187,169,1,1,5,5,5,5,5,5,5,5,5,5,5,4,5,4,5,3,5,5,5,4,5,5,3,4,5,5,5,4,5,4,4,3,3,5,5,4,4,5
200,190,180,1,1,5,5,5,5,5,5,1,5,5,5,5,5,5,5,5,5,5,5,5,5,5,5,5,5,5,5,5,5,5,5,5,5,5,5,5,5,4,5
249,191,141,1,1,5,4,5,5,4,5,2,4,4,4,4,4,5,4,3,4,3,3,4,4,3,4,3,3,4,3,4,3,4,3,3,4,3,4,4,4,4,4
359,191,141,1,1,5,4,5,5,4,5,2,4,4,4,4,4,5,4,3,4,3,3,4,4,3,4,3,3,4,3,4,3,4,3,3,4,3,4,4,4,4,4
109,196,179,1,1,5,5,5,5,5,5,1,5,5,5,5,5,5,5,5,5,5,5,5,5,5,5,5,5,5,5,5,5,5,5,5,5,5,5,5,5,3,5
178,199,151,1,1,4,4,4,4,4,4,3,4,4,4,3,4,4,5,5,5,5,5,5,3,5,5,3,4,4,4,3,4,4,4,3,4,4,4,4,4,4,5
201,200,152,1,1,5,5,5,5,5,5,3,3,3,3,4,4,4,4,4,4,4,4,4,4,4,4,4,4,4,4,4,4,4,4,4,4,4,4,4,4,5,5
31,201,122,1,1,4,4,5,4,4,4,1,5,3,3,3,4,3,4,3,2,3,3,2,3,4,4,3,3,4,4,3,3,3,2,2,2,3,4,4,3,3,4
32,201,133,1,1,5,5,5,5,3,5,2,3,5,5,5,5,5,5,5,3,3,3,3,3,3,2,4,3,2,3,3,3,4,2,3,3,3,3,3,3,3,3
139,201,151,1,1,4,3,4,3,3,4,3,5,4,4,3,4,4,5,3,2,5,5,5,5,4,4,4,4,5,4,5,5,4,4,3,3,4,5,5,5,4,5
293,201,157,2,2,5,5,5,5,5,5,1,5,5,5,5,5,5,5,5,5,4,4,4,4,4,3,4,3,4,4,3,4,4,4,4,4,4,3,4,4,4,4
403,201,157,2,2,5,5,5,5,5,5,1,5,5,5,5,5,5,5,5,5,4,4,4,4,4,3,4,3,4,4,3,4,4,4,4,4,4,3,4,4,4,4
209,202,135,1,1,3,3,3,3,3,3,3,3,3,3,3,3,3,4,4,5,4,4,4,4,4,4,4,4,4,4,4,4,4,4,3,4,4,4,4,4,4,4
132,203,173,1,1,5,5,5,5,4,4,1,4,5,5,5,5,5,5,3,5,5,5,5,5,5,5,5,5,5,5,4,5,5,5,5,5,5,5,5,5,3,5
33,210,152,1,1,4,4,4,3,5,3,4,4,4,5,5,5,3,4,4,4,4,4,5,4,4,5,5,4,4,4,4,4,4,3,5,3,5,3,4,4,4,5
134,210,150,1,1,5,5,5,5,5,5,1,5,5,5,5,5,5,5,5,5,5,5,5,5,5,5,5,4,3,4,2,4,4,1,1,1,1,4,4,4,2,4
142,211,146,1,1,4,4,4,4,5,4,2,5,4,3,4,5,4,5,3,5,4,4,5,4,5,4,3,3,3,3,4,5,4,3,4,3,3,4,3,4,5,4
279,212,140,2,1,4,4,5,4,4,4,2,4,4,4,4,4,4,4,4,4,4,4,4,4,4,3,3,4,4,4,4,4,4,3,4,3,3,4,4,4,2,4
389,212,140,2,1,4,4,5,4,4,4,2,4,4,4,4,4,4,4,4,4,4,4,4,4,4,3,3,4,4,4,4,4,4,3,4,3,3,4,4,4,2,4
179,214,130,1,1,5,4,3,3,4,3,3,4,3,3,3,3,2,3,3,4,4,4,4,4,4,4,3,3,4,4,4,4,4,3,3,3,3,3,4,4,4,3
180,216,135,1,1,4,2,4,3,4,5,2,5,5,2,5,5,5,5,5,5,3,4,4,5,5,5,5,3,3,4,2,3,3,2,2,2,2,2,2,3,4,4
112,219,126,1,1,3,3,4,3,3,4,3,5,3,2,3,3,2,2,4,1,4,4,5,4,3,5,4,4,4,4,4,4,4,3,3,3,4,3,4,4,2,3
115,220,145,1,2,5,5,4,4,4,5,1,4,4,3,3,3,4,4,4,4,4,4,4,4,4,4,4,4,4,4,4,4,4,4,4,4,4,4,4,4,4,4
133,220,151,1,1,5,4,5,5,5,5,1,5,5,5,5,5,5,5,5,5,4,4,4,4,4,4,2,4,3,4,4,4,4,4,4,3,3,4,3,3,3,4
138,221,133,1,2,5,4,4,3,3,4,1,3,4,2,2,2,2,5,2,5,4,4,4,4,5,4,5,4,4,4,4,4,4,2,2,3,4,4,5,4,4,4
316,226,155,1,2,4,5,5,5,3,5,1,4,4,3,4,4,4,4,5,4,5,5,5,3,5,4,3,5,5,5,5,5,5,3,4,3,4,4,4,5,4,5
426,226,155,1,2,4,5,5,5,3,5,1,4,4,3,4,4,4,4,5,4,5,5,5,3,5,4,3,5,5,5,5,5,5,3,4,3,4,4,4,5,4,5
154,236,141,1,2,5,4,3,4,4,4,2,5,4,4,3,3,3,4,5,5,4,4,4,4,4,4,2,4,4,4,4,4,3,4,4,2,4,3,5,5,3,4
181,260,113,1,1,5,5,4,5,3,3,3,1,3,5,3,3,4,5,5,5,3,1,4,1,2,4,2,2,2,2,3,3,3,1,1,1,3,2,3,3,2,5
185,262,132,1,1,5,5,4,5,3,3,2,2,3,5,4,3,3,5,5,5,4,4,5,2,4,4,3,2,3,3,4,4,3,2,2,2,3,3,4,3,4,4
262,264,136,2,2,5,5,4,5,5,3,1,3,4,2,3,3,3,3,3,2,4,4,2,4,4,5,3,2,4,4,4,4,4,4,4,2,4,4,4,5,4,5
372,264,136,2,2,5,5,4,5,5,3,1,3,4,2,3,3,3,3,3,2,4,4,2,4,4,5,3,2,4,4,4,4,4,4,4,2,4,4,4,5,4,5
214,265,166,1,1,5,5,5,5,5,5,1,5,5,5,5,5,5,5,5,5,4,5,4,4,4,5,4,4,5,5,5,4,4,5,4,5,4,3,4,4,4,4
135,270,149,1,1,4,4,4,5,4,5,1,3,4,5,4,4,4,5,5,5,5,4,4,3,4,4,3,4,4,4,5,4,4,2,3,4,4,4,5,4,4,5
182,285,169,1,2,5,5,5,5,5,5,1,5,5,4,5,5,5,5,5,5,4,4,4,5,5,5,5,4,5,5,5,5,5,4,4,5,4,5,5,4,1,5
205,297,179,1,1,5,5,5,5,5,5,1,5,5,5,5,5,5,5,5,5,5,5,5,5,5,5,5,5,5,5,5,5,5,5,5,5,5,5,5,5,3,5
140,318,141,1,1,5,5,5,5,4,5,2,4,5,4,5,5,5,3,3,3,5,4,3,5,3,4,3,4,4,4,4,4,3,3,3,3,3,3,3,3,3,3
183,322,104,1,1,4,3,1,1,4,1,1,1,5,1,2,1,2,5,5,5,4,4,3,4,4,4,2,2,4,4,3,4,2,2,2,2,2,2,2,2,2,4
207,333,163,1,1,5,4,5,5,4,5,4,4,4,4,4,3,4,4,5,5,4,4,5,4,5,5,5,4,5,5,5,5,4,4,5,4,4,4,4,4,4,5
294,336,179,2,2,5,5,5,5,5,5,1,5,5,5,5,5,5,5,5,5,5,5,5,5,5,5,5,5,5,5,5,5,5,5,5,5,5,5,5,5,3,5
404,336,179,2,2,5,5,5,5,5,5,1,5,5,5,5,5,5,5,5,5,5,5,5,5,5,5,5,5,5,5,5,5,5,5,5,5,5,5,5,5,3,5
208,353,171,1,2,5,5,5,5,5,5,1,5,5,5,5,5,5,5,5,5,5,5,5,5,5,5,5,4,4,5,5,4,4,4,5,5,4,4,4,4,4,4
211,363,126,1,1,3,4,3,4,3,3,2,3,3,4,3,3,3,4,4,4,2,3,4,4,3,4,4,4,4,4,3,4,3,2,3,3,3,3,5,5,3,4
215,366,165,1,2,5,5,5,5,5,5,5,5,5,5,5,5,5,5,5,5,5,4,4,4,4,4,4,3,4,5,4,5,4,3,4,3,4,4,4,4,4,4
137,375,158,1,1,5,5,5,5,5,5,1,5,5,5,5,5,5,5,5,5,4,4,5,4,4,4,4,3,4,4,4,4,4,4,3,3,4,4,4,4,3,4
295,460,176,2,2,5,5,5,5,5,4,1,5,5,5,5,5,5,5,5,5,5,5,5,5,5,5,5,4,5,5,5,5,5,5,5,5,5,5,5,5,3,3
405,460,176,2,2,5,5,5,5,5,4,1,5,5,5,5,5,5,5,5,5,5,5,5,5,5,5,5,4,5,5,5,5,5,5,5,5,5,5,5,5,3,3
268,564,124,1,2,3,3,3,3,3,3,3,3,3,3,3,3,3,3,3,3,4,4,4,3,3,4,4,3,4,4,4,4,4,3,3,3,3,4,4,4,3,3
378,564,124,1,2,3,3,3,3,3,3,3,3,3,3,3,3,3,3,3,3,4,4,4,3,3,4,4,3,4,4,4,4,4,3,3,3,3,4,4,4,3,3
141,575,151,1,1,5,5,5,5,4,4,4,4,4,5,5,5,5,4,4,4,4,4,3,3,4,5,3,3,3,3,4,5,5,4,4,2,3,3,5,4,4,4
145,1177,139,1,2,4,3,4,5,5,4,1,3,4,5,5,3,4,5,5,5,4,4,2,1,3,5,1,3,5,4,3,4,3,3,4,3,3,3,5,4,5,5
